-1.600000,-1.925000,0.000000,-90.000000,45.971004,-90.000000,1.000000,0.000000,0,0.000000,0.000000,0.000000,0.000000
-1.221250,-1.558875,0.000000,-90.000023,45.815807,-90.000000,1.000000,0.000000,0,0.000000,0.000000,0.000000,0.000000
-1.213832,-1.551626,0.000000,-90.000000,45.345810,-90.000000,1.000000,0.000000,0,0.000000,0.000000,0.000000,0.000000
-1.206578,-1.544380,0.000000,-90.000000,44.707340,-90.000000,1.000000,0.000000,0,0.000000,0.000000,0.000000,0.000000
-1.199488,-1.537136,0.000000,-90.000008,44.053547,-90.000008,1.000000,0.000000,0,0.000000,0.000000,0.000000,0.000000
-1.192563,-1.529895,0.000000,-90.000000,43.385811,-90.000008,1.000000,0.000000,0,0.000000,0.000000,0.000000,0.000000
-1.185802,-1.522656,0.000000,-90.000000,42.701317,-90.000008,1.000000,0.000000,0,0.000000,0.000000,0.000000,0.000000
-1.179204,-1.515420,0.000000,-90.000008,42.001667,-90.000008,1.000000,0.000000,0,0.000000,0.000000,0.000000,0.000000
-1.172771,-1.508187,0.000000,-90.000000,41.285442,-90.000008,1.000000,0.000000,0,0.000000,0.000000,0.000000,0.000000
-1.166502,-1.500956,0.000000,-90.000000,40.553082,-90.000000,1.000000,0.000000,0,0.000000,0.000000,0.000000,0.000000
-1.160398,-1.493727,0.000000,-90.000000,39.803490,-90.000008,1.000000,0.000000,0,0.000000,0.000000,0.000000,0.000000
-1.154457,-1.486501,0.000000,-90.000000,39.036629,-89.999992,1.000000,0.000000,0,0.000000,0.000000,0.000000,0.000000
-1.148680,-1.479277,0.000000,-90.000000,38.252113,-90.000015,1.000000,0.000000,0,0.000000,0.000000,0.000000,0.000000
-1.143068,-1.472057,0.000000,-90.000000,37.450230,-90.000008,1.000000,0.000000,0,0.000000,0.000000,0.000000,0.000000
-1.137620,-1.464838,0.000000,-90.000000,36.629169,-90.000008,1.000000,0.000000,0,0.000000,0.000000,0.000000,0.000000
-1.132336,-1.457622,0.000000,-90.000000,35.791103,-90.000000,1.000000,0.000000,0,0.000000,0.000000,0.000000,0.000000
-1.127216,-1.450409,0.000000,-90.000000,34.932999,-90.000000,1.000000,0.000000,0,0.000000,0.000000,0.000000,0.000000
-1.122260,-1.443198,0.000000,-90.000000,34.056114,-90.000008,1.000000,0.000000,0,0.000000,0.000000,0.000000,0.000000
-1.117468,-1.435990,0.000000,-90.000000,33.160732,-90.000000,1.000000,0.000000,0,0.000000,0.000000,0.000000,0.000000
-1.112841,-1.428784,0.000000,-90.000000,32.246712,-90.000000,1.000000,0.000000,0,0.000000,0.000000,0.000000,0.000000
-1.108377,-1.421581,0.000000,-90.000000,31.311302,-90.000000,1.000000,0.000000,0,0.000000,0.000000,0.000000,0.000000
-1.104078,-1.414380,0.000000,-90.000000,30.357590,-89.999992,1.000000,0.000000,0,0.000000,0.000000,0.000000,0.000000
-1.099943,-1.407182,0.000000,-90.000000,29.383825,-90.000000,1.000000,0.000000,0,0.000000,0.000000,0.000000,0.000000
-1.095972,-1.399986,0.000000,-90.000000,28.390711,-90.000000,1.000000,0.000000,0,0.000000,0.000000,0.000000,0.000000
-1.092165,-1.392793,0.000000,-90.000008,27.376759,-90.000008,1.000000,0.000000,0,0.000000,0.000000,0.000000,0.000000
-1.088523,-1.385602,0.000000,-90.000000,26.345491,-90.000000,1.000000,0.000000,0,0.000000,0.000000,0.000000,0.000000
-1.085044,-1.378414,0.000000,-90.000000,25.293051,-90.000000,1.000000,0.000000,0,0.000000,0.000000,0.000000,0.000000
-1.081730,-1.371228,0.000000,-90.000000,24.220980,-90.000015,1.000000,0.000000,0,0.000000,0.000000,0.000000,0.000000
-1.078579,-1.364045,0.000000,-90.000000,23.130518,-90.000000,1.000000,0.000000,0,0.000000,0.000000,0.000000,0.000000
-1.075593,-1.356865,0.000000,-90.000000,22.021299,-90.000008,1.000000,0.000000,0,0.000000,0.000000,0.000000,0.000000
-1.072771,-1.349687,0.000000,-90.000000,20.893152,-90.000000,1.000000,0.000000,0,0.000000,0.000000,0.000000,0.000000
-1.070114,-1.342511,0.000000,-90.000000,19.747107,-90.000008,1.000000,0.000000,0,0.000000,0.000000,0.000000,0.000000
-1.067620,-1.335338,0.000000,-90.000000,18.583797,-90.000000,1.000000,0.000000,0,0.000000,0.000000,0.000000,0.000000
-1.065290,-1.328168,0.000000,-90.000000,17.404018,-90.000000,1.000000,0.000000,0,0.000000,0.000000,0.000000,0.000000
-1.063125,-1.321000,0.000000,-90.000000,16.207174,-90.000008,1.000000,0.000000,0,0.000000,0.000000,0.000000,0.000000
-1.061124,-1.313834,0.000000,-90.000000,14.994692,-90.000000,1.000000,0.000000,0,0.000000,0.000000,0.000000,0.000000
-1.059287,-1.306672,0.000000,-90.000000,13.768086,-89.999992,1.000000,0.000000,0,0.000000,0.000000,0.000000,0.000000
-1.057613,-1.299511,0.000000,-90.000000,12.526925,-90.000000,1.000000,0.000000,0,0.000000,0.000000,0.000000,0.000000
-1.056105,-1.292353,0.000000,-90.000000,11.273204,-90.000000,1.000000,0.000000,0,0.000000,0.000000,0.000000,0.000000
-1.054760,-1.285198,0.000000,-90.000000,10.007916,-90.000000,1.000000,0.000000,0,0.000000,0.000000,0.000000,0.000000
-1.053579,-1.278045,0.000000,-90.000000,8.731577,-90.000008,1.000000,0.000000,0,0.000000,0.000000,0.000000,0.000000
-1.052563,-1.270895,0.000000,-90.000008,7.445193,-90.000008,1.000000,0.000000,0,0.000000,0.000000,0.000000,0.000000
-1.051711,-1.263747,0.000000,-90.000000,6.150362,-90.000000,1.000000,0.000000,0,0.000000,0.000000,0.000000,0.000000
-1.051023,-1.256602,0.000000,-90.000000,4.847970,-90.000000,1.000000,0.000000,0,0.000000,0.000000,0.000000,0.000000
-1.050499,-1.249460,0.000000,-90.000000,3.540393,-90.000000,1.000000,0.000000,0,0.000000,0.000000,0.000000,0.000000
-1.050139,-1.242319,0.000000,-90.000000,2.228021,-90.000008,1.000000,0.000000,0,0.000000,0.000000,0.000000,0.000000
-1.049943,-1.235182,0.000000,-90.000008,0.911939,-90.000008,1.000000,0.000000,0,0.000000,0.000000,0.000000,0.000000
-1.049912,-1.228047,0.000000,-90.000000,-0.406074,-90.000000,1.000000,0.000000,0,0.000000,0.000000,0.000000,0.000000
-1.050044,-1.220914,0.000000,-90.000000,-1.723317,-90.000000,1.000000,0.000000,0,0.000000,0.000000,0.000000,0.000000
-1.050341,-1.213784,0.000000,-90.000000,-3.040915,-90.000000,1.000000,0.000000,0,0.000000,0.000000,0.000000,0.000000
-1.050802,-1.206656,0.000000,-90.000000,-4.356275,-90.000000,1.000000,0.000000,0,0.000000,0.000000,0.000000,0.000000
-1.051427,-1.199532,0.000000,-90.000000,-5.668345,-89.999992,1.000000,0.000000,0,0.000000,0.000000,0.000000,0.000000
-1.052216,-1.192409,0.000000,-90.000008,-6.974454,-90.000008,1.000000,0.000000,0,0.000000,0.000000,0.000000,0.000000
-1.053169,-1.185289,0.000000,-90.000000,-8.273887,-90.000000,1.000000,0.000000,0,0.000000,0.000000,0.000000,0.000000
-1.054287,-1.178172,0.000000,-90.000008,-9.566598,-90.000008,1.000000,0.000000,0,0.000000,0.000000,0.000000,0.000000
-1.055568,-1.171057,0.000000,-90.000000,-10.850010,-90.000000,1.000000,0.000000,0,0.000000,0.000000,0.000000,0.000000
-1.057014,-1.163944,0.000000,-90.000000,-12.123937,-90.000000,1.000000,0.000000,0,0.000000,0.000000,0.000000,0.000000
-1.058624,-1.156835,0.000000,-90.000000,-13.387042,-90.000000,1.000000,0.000000,0,0.000000,0.000000,0.000000,0.000000
-1.060398,-1.149727,0.000000,-90.000008,-14.636882,-90.000008,1.000000,0.000000,0,0.000000,0.000000,0.000000,0.000000
-1.062336,-1.142622,0.000000,-90.000008,-15.873407,-90.000008,1.000000,0.000000,0,0.000000,0.000000,0.000000,0.000000
-1.064438,-1.135520,0.000000,-90.000008,-17.096481,-90.000008,1.000000,0.000000,0,0.000000,0.000000,0.000000,0.000000
-1.066705,-1.128420,0.000000,-90.000000,-18.304411,-90.000000,1.000000,0.000000,0,0.000000,0.000000,0.000000,0.000000
-1.069135,-1.121323,0.000000,-90.000000,-19.496836,-90.000000,1.000000,0.000000,0,0.000000,0.000000,0.000000,0.000000
-1.071730,-1.114228,0.000000,-90.000000,-20.672079,-90.000000,1.000000,0.000000,0,0.000000,0.000000,0.000000,0.000000
-1.074489,-1.107136,0.000000,-90.000000,-21.830492,-90.000000,1.000000,0.000000,0,0.000000,0.000000,0.000000,0.000000
-1.077412,-1.100047,0.000000,-90.000008,-22.972174,-90.000008,1.000000,0.000000,0,0.000000,0.000000,0.000000,0.000000
-1.080499,-1.092960,0.000000,-90.000000,-24.094761,-90.000000,1.000000,0.000000,0,0.000000,0.000000,0.000000,0.000000
-1.083750,-1.085875,0.000000,-90.000000,-25.198658,-90.000000,1.000000,0.000000,0,0.000000,0.000000,0.000000,0.000000
-1.087165,-1.078793,0.000000,-90.000000,-26.284029,-90.000000,1.000000,0.000000,0,0.000000,0.000000,0.000000,0.000000
-1.090745,-1.071713,0.000000,-90.000000,-27.350351,-90.000000,1.000000,0.000000,0,0.000000,0.000000,0.000000,0.000000
-1.094489,-1.064636,0.000000,-90.000000,-28.397135,-90.000000,1.000000,0.000000,0,0.000000,0.000000,0.000000,0.000000
-1.098396,-1.057562,0.000000,-90.000000,-29.423994,-90.000000,1.000000,0.000000,0,0.000000,0.000000,0.000000,0.000000
-1.102468,-1.050490,0.000000,-90.000008,-30.431690,-90.000008,1.000000,0.000000,0,0.000000,0.000000,0.000000,0.000000
-1.106704,-1.043421,0.000000,-90.000008,-31.419594,-90.000008,1.000000,0.000000,0,0.000000,0.000000,0.000000,0.000000
-1.111105,-1.036354,0.000000,-90.000000,-32.388062,-90.000000,1.000000,0.000000,0,0.000000,0.000000,0.000000,0.000000
-1.115669,-1.029289,0.000000,-90.000008,-33.336491,-90.000008,1.000000,0.000000,0,0.000000,0.000000,0.000000,0.000000
-1.120398,-1.022227,0.000000,-90.000008,-34.264786,-90.000000,1.000000,0.000000,0,0.000000,0.000000,0.000000,0.000000
-1.125290,-1.015168,0.000000,-90.000000,-35.175476,-90.000000,1.000000,0.000000,0,0.000000,0.000000,0.000000,0.000000
-1.130347,-1.008111,0.000000,-90.000000,-36.064915,-90.000000,1.000000,0.000000,0,0.000000,0.000000,0.000000,0.000000
-1.135568,-1.001057,0.000000,-90.000000,-36.936352,-90.000000,1.000000,0.000000,0,0.000000,0.000000,0.000000,0.000000
-1.140953,-0.994005,0.000000,-90.000008,-37.788731,-90.000008,1.000000,0.000000,0,0.000000,0.000000,0.000000,0.000000
-1.146502,-0.986956,0.000000,-90.000015,-38.622608,-90.000015,1.000000,0.000000,0,0.000000,0.000000,0.000000,0.000000
-1.152216,-0.979909,0.000000,-90.000008,-39.437740,-90.000008,1.000000,0.000000,0,0.000000,0.000000,0.000000,0.000000
-1.158093,-0.972865,0.000000,-89.999992,-40.235470,-89.999992,1.000000,0.000000,0,0.000000,0.000000,0.000000,0.000000
-1.164135,-0.965823,0.000000,-90.000000,-41.014473,-90.000000,1.000000,0.000000,0,0.000000,0.000000,0.000000,0.000000
-1.170341,-0.958784,0.000000,-90.000000,-41.776829,-90.000000,1.000000,0.000000,0,0.000000,0.000000,0.000000,0.000000
-1.176711,-0.951748,0.000000,-90.000008,-42.521278,-90.000008,1.000000,0.000000,0,0.000000,0.000000,0.000000,0.000000
-1.183245,-0.944713,0.000000,-90.000000,-43.249077,-90.000000,1.000000,0.000000,0,0.000000,0.000000,0.000000,0.000000
-1.189943,-0.937682,0.000000,-90.000000,-43.960739,-90.000000,1.000000,0.000000,0,0.000000,0.000000,0.000000,0.000000
-1.196805,-0.930653,0.000000,-90.000000,-44.656418,-90.000000,1.000000,0.000000,0,0.000000,0.000000,0.000000,0.000000
-1.203832,-0.923626,0.000000,-90.000000,-45.336063,-90.000000,1.000000,0.000000,0,0.000000,0.000000,0.000000,0.000000
-1.211023,-0.916602,0.000000,-90.000000,-45.999943,-90.000000,1.000000,0.000000,0,0.000000,0.000000,0.000000,0.000000
-1.218377,-0.909581,0.000000,-89.999992,-46.648903,-89.999992,1.000000,0.000000,0,0.000000,0.000000,0.000000,0.000000
-1.225896,-0.902562,0.000000,-89.999992,-47.283543,-89.999992,1.000000,0.000000,0,0.000000,0.000000,0.000000,0.000000
-1.233579,-0.895546,0.000000,-90.000023,-47.903122,-90.000023,1.000000,0.000000,0,0.000000,0.000000,0.000000,0.000000
-1.241427,-0.888532,0.000000,-89.999992,-48.508713,-89.999992,1.000000,0.000000,0,0.000000,0.000000,0.000000,0.000000
-1.249438,-0.881520,0.000000,-90.000000,-49.101254,-90.000000,1.000000,0.000000,0,0.000000,0.000000,0.000000,0.000000
-1.257614,-0.874511,0.000000,-90.000023,-49.679790,-90.000008,1.000000,0.000000,0,0.000000,0.000000,0.000000,0.000000
-1.265953,-0.867505,0.000000,-90.000000,-50.245251,-90.000000,1.000000,0.000000,0,0.000000,0.000000,0.000000,0.000000
-1.274457,-0.860501,0.000000,-90.000000,-50.797855,-90.000000,1.000000,0.000000,0,0.000000,0.000000,0.000000,0.000000
-1.283125,-0.853500,0.000000,-89.999992,-51.206577,-89.999992,1.000000,0.000000,0,0.000000,0.000000,0.000000,0.000000
-1.291875,-0.846500,0.000000,-90.000000,-51.213600,90.000000,1.000000,0.000000,0,0.000000,0.000000,0.000000,0.000000
-1.300545,-0.839500,0.000000,-89.999992,-50.824814,90.000023,1.000000,0.000000,0,0.000000,0.000000,0.000000,0.000000
-1.309057,-0.832500,0.000000,-90.000000,-50.299389,90.000008,1.000000,0.000000,0,0.000000,0.000000,0.000000,0.000000
-1.317409,-0.825500,0.000000,-90.000000,-49.762180,90.000000,1.000000,0.000000,0,0.000000,0.000000,0.000000,0.000000
-1.325602,-0.818500,0.000000,-90.000000,-49.212452,90.000000,1.000000,0.000000,0,0.000000,0.000000,0.000000,0.000000
-1.333636,-0.811500,0.000000,-90.000000,-48.651115,90.000000,1.000000,0.000000,0,0.000000,0.000000,0.000000,0.000000
-1.341511,-0.804500,0.000000,-90.000000,-48.075191,90.000008,1.000000,0.000000,0,0.000000,0.000000,0.000000,0.000000
-1.349227,-0.797500,0.000000,-90.000000,-47.488117,90.000008,1.000000,0.000000,0,0.000000,0.000000,0.000000,0.000000
-1.356784,-0.790500,0.000000,-90.000000,-46.886215,90.000008,1.000000,0.000000,0,0.000000,0.000000,0.000000,0.000000
-1.364182,-0.783500,0.000000,-90.000000,-46.271606,90.000000,1.000000,0.000000,0,0.000000,0.000000,0.000000,0.000000
-1.371420,-0.776500,0.000000,-90.000000,-45.642097,90.000000,1.000000,0.000000,0,0.000000,0.000000,0.000000,0.000000
-1.378500,-0.769500,0.000000,-90.000000,-44.998093,90.000000,1.000000,0.000000,0,0.000000,0.000000,0.000000,0.000000
-1.385420,-0.762500,0.000000,-90.000000,-44.339401,90.000000,1.000000,0.000000,0,0.000000,0.000000,0.000000,0.000000
-1.392182,-0.755500,0.000000,-90.000000,-43.665813,90.000000,1.000000,0.000000,0,0.000000,0.000000,0.000000,0.000000
-1.398784,-0.748500,0.000000,-90.000000,-42.976677,90.000008,1.000000,0.000000,0,0.000000,0.000000,0.000000,0.000000
-1.405227,-0.741500,0.000000,-90.000000,-42.271381,90.000008,1.000000,0.000000,0,0.000000,0.000000,0.000000,0.000000
-1.411511,-0.734500,0.000000,-89.999992,-41.550804,90.000008,1.000000,0.000000,0,0.000000,0.000000,0.000000,0.000000
-1.417636,-0.727500,0.000000,-90.000000,-40.812939,90.000000,1.000000,0.000000,0,0.000000,0.000000,0.000000,0.000000
-1.423602,-0.720500,0.000000,-90.000000,-40.058933,90.000000,1.000000,0.000000,0,0.000000,0.000000,0.000000,0.000000
-1.429409,-0.713500,0.000000,-90.000000,-39.287346,90.000000,1.000000,0.000000,0,0.000000,0.000000,0.000000,0.000000
-1.435057,-0.706500,0.000000,-90.000000,-38.498554,90.000008,1.000000,0.000000,0,0.000000,0.000000,0.000000,0.000000
-1.440545,-0.699500,0.000000,-90.000000,-37.691257,90.000000,1.000000,0.000000,0,0.000000,0.000000,0.000000,0.000000
-1.445875,-0.692500,0.000000,-90.000015,-36.868168,90.000000,1.000000,0.000000,0,0.000000,0.000000,0.000000,0.000000
-1.451045,-0.685500,0.000000,-90.000000,-36.025280,89.999992,1.000000,0.000000,0,0.000000,0.000000,0.000000,0.000000
-1.456057,-0.678500,0.000000,-90.000000,-35.164104,90.000000,1.000000,0.000000,0,0.000000,0.000000,0.000000,0.000000
-1.460909,-0.671500,0.000000,-90.000000,-34.284473,90.000008,1.000000,0.000000,0,0.000000,0.000000,0.000000,0.000000
-1.465602,-0.664500,0.000000,-90.000015,-33.385963,90.000008,1.000000,0.000000,0,0.000000,0.000000,0.000000,0.000000
-1.470136,-0.657500,0.000000,-90.000000,-32.468647,90.000015,1.000000,0.000000,0,0.000000,0.000000,0.000000,0.000000
-1.474511,-0.650500,0.000000,-90.000008,-31.532597,89.999992,1.000000,0.000000,0,0.000000,0.000000,0.000000,0.000000
-1.478727,-0.643500,0.000000,-90.000000,-30.577002,89.999992,1.000000,0.000000,0,0.000000,0.000000,0.000000,0.000000
-1.482784,-0.636500,0.000000,-90.000000,-29.602375,90.000008,1.000000,0.000000,0,0.000000,0.000000,0.000000,0.000000
-1.486682,-0.629500,0.000000,-90.000000,-28.607813,90.000000,1.000000,0.000000,0,0.000000,0.000000,0.000000,0.000000
-1.490420,-0.622500,0.000000,-90.000000,-27.594873,90.000008,1.000000,0.000000,0,0.000000,0.000000,0.000000,0.000000
-1.494000,-0.615500,0.000000,-90.000000,-26.562403,90.000008,1.000000,0.000000,0,0.000000,0.000000,0.000000,0.000000
-1.497420,-0.608500,0.000000,-90.000000,-25.511431,90.000000,1.000000,0.000000,0,0.000000,0.000000,0.000000,0.000000
-1.500682,-0.601500,0.000000,-90.000000,-24.442041,90.000000,1.000000,0.000000,0,0.000000,0.000000,0.000000,0.000000
-1.503784,-0.594500,0.000000,-90.000000,-23.354044,90.000000,1.000000,0.000000,0,0.000000,0.000000,0.000000,0.000000
-1.506727,-0.587500,0.000000,-90.000000,-22.246481,90.000000,1.000000,0.000000,0,0.000000,0.000000,0.000000,0.000000
-1.509511,-0.580500,0.000000,-90.000000,-21.122164,90.000008,1.000000,0.000000,0,0.000000,0.000000,0.000000,0.000000
-1.512136,-0.573500,0.000000,-90.000000,-19.980995,90.000000,1.000000,0.000000,0,0.000000,0.000000,0.000000,0.000000
-1.514602,-0.566500,0.000000,-90.000000,-18.823063,90.000000,1.000000,0.000000,0,0.000000,0.000000,0.000000,0.000000
-1.516909,-0.559500,0.000000,-90.000000,-17.647877,90.000000,1.000000,0.000000,0,0.000000,0.000000,0.000000,0.000000
-1.519057,-0.552500,0.000000,-90.000000,-16.457924,90.000000,1.000000,0.000000,0,0.000000,0.000000,0.000000,0.000000
-1.521045,-0.545500,0.000000,-90.000000,-15.253759,90.000000,1.000000,0.000000,0,0.000000,0.000000,0.000000,0.000000
-1.522875,-0.538500,0.000000,-90.000000,-14.034972,90.000000,1.000000,0.000000,0,0.000000,0.000000,0.000000,0.000000
-1.524545,-0.531500,0.000000,-90.000000,-12.802853,90.000000,1.000000,0.000000,0,0.000000,0.000000,0.000000,0.000000
-1.526057,-0.524500,0.000000,-90.000000,-11.558364,90.000000,1.000000,0.000000,0,0.000000,0.000000,0.000000,0.000000
-1.527409,-0.517500,0.000000,-90.000000,-10.303521,90.000000,1.000000,0.000000,0,0.000000,0.000000,0.000000,0.000000
-1.528602,-0.510500,0.000000,-90.000000,-9.038644,90.000000,1.000000,0.000000,0,0.000000,0.000000,0.000000,0.000000
-1.529636,-0.503500,0.000000,-90.000000,-7.763782,90.000000,1.000000,0.000000,0,0.000000,0.000000,0.000000,0.000000
-1.530511,-0.496500,0.000000,-90.000000,-6.482669,90.000000,1.000000,0.000000,0,0.000000,0.000000,0.000000,0.000000
-1.531227,-0.489500,0.000000,-90.000000,-5.194147,90.000000,1.000000,0.000000,0,0.000000,0.000000,0.000000,0.000000
-1.531784,-0.482500,0.000000,-90.000000,-3.899554,90.000000,1.000000,0.000000,0,0.000000,0.000000,0.000000,0.000000
-1.532182,-0.475500,0.000000,-90.000008,-2.602269,90.000000,1.000000,0.000000,0,0.000000,0.000000,0.000000,0.000000
-1.532420,-0.468500,0.000000,-90.000000,-1.301576,90.000000,1.000000,0.000000,0,0.000000,0.000000,0.000000,0.000000
-1.532500,-0.461500,0.000000,-90.000000,0.000000,90.000000,1.000000,0.000000,0,0.000000,0.000000,0.000000,0.000000
-1.532420,-0.454500,0.000000,-90.000008,1.301579,90.000000,1.000000,0.000000,0,0.000000,0.000000,0.000000,0.000000
-1.532182,-0.447500,0.000000,-90.000008,2.602129,90.000008,1.000000,0.000000,0,0.000000,0.000000,0.000000,0.000000
-1.531784,-0.440500,0.000000,-90.000015,3.899857,90.000008,1.000000,0.000000,0,0.000000,0.000000,0.000000,0.000000
-1.531227,-0.433500,0.000000,-90.000000,5.193522,90.000000,1.000000,0.000000,0,0.000000,0.000000,0.000000,0.000000
-1.530511,-0.426500,0.000000,-90.000000,6.482468,90.000000,1.000000,0.000000,0,0.000000,0.000000,0.000000,0.000000
-1.529636,-0.419500,0.000000,-90.000000,7.764339,90.000000,1.000000,0.000000,0,0.000000,0.000000,0.000000,0.000000
-1.528602,-0.412500,0.000000,-89.999992,9.038198,89.999992,1.000000,0.000000,0,0.000000,0.000000,0.000000,0.000000
-1.527409,-0.405500,0.000000,-90.000008,10.303761,90.000008,1.000000,0.000000,0,0.000000,0.000000,0.000000,0.000000
-1.526057,-0.398500,0.000000,-90.000000,11.558808,90.000000,1.000000,0.000000,0,0.000000,0.000000,0.000000,0.000000
-1.524545,-0.391500,0.000000,-90.000000,12.802649,90.000000,1.000000,0.000000,0,0.000000,0.000000,0.000000,0.000000
-1.522875,-0.384500,0.000000,-90.000008,14.034628,90.000000,1.000000,0.000000,0,0.000000,0.000000,0.000000,0.000000
-1.521045,-0.377500,0.000000,-90.000008,15.253191,90.000008,1.000000,0.000000,0,0.000000,0.000000,0.000000,0.000000
-1.519057,-0.370500,0.000000,-90.000008,16.457863,90.000008,1.000000,0.000000,0,0.000000,0.000000,0.000000,0.000000
-1.516909,-0.363500,0.000000,-90.000000,17.648033,90.000000,1.000000,0.000000,0,0.000000,0.000000,0.000000,0.000000
-1.514602,-0.356500,0.000000,-90.000015,18.822964,90.000015,1.000000,0.000000,0,0.000000,0.000000,0.000000,0.000000
-1.512136,-0.349500,0.000000,-90.000000,19.980995,90.000000,1.000000,0.000000,0,0.000000,0.000000,0.000000,0.000000
-1.509511,-0.342500,0.000000,-90.000008,21.122797,90.000008,1.000000,0.000000,0,0.000000,0.000000,0.000000,0.000000
-1.506727,-0.335500,0.000000,-90.000000,22.246847,90.000000,1.000000,0.000000,0,0.000000,0.000000,0.000000,0.000000
-1.503784,-0.328500,0.000000,-90.000000,23.352961,90.000000,1.000000,0.000000,0,0.000000,0.000000,0.000000,0.000000
-1.500682,-0.321500,0.000000,-90.000000,24.441368,90.000000,1.000000,0.000000,0,0.000000,0.000000,0.000000,0.000000
-1.497421,-0.314500,0.000000,-90.000000,25.511284,90.000000,1.000000,0.000000,0,0.000000,0.000000,0.000000,0.000000
-1.494000,-0.307500,0.000000,-90.000000,26.562487,90.000000,1.000000,0.000000,0,0.000000,0.000000,0.000000,0.000000
-1.490421,-0.300500,0.000000,-90.000008,27.594873,90.000008,1.000000,0.000000,0,0.000000,0.000000,0.000000,0.000000
-1.486682,-0.293500,0.000000,-90.000008,28.608040,90.000000,1.000000,0.000000,0,0.000000,0.000000,0.000000,0.000000
-1.482784,-0.286500,0.000000,-90.000008,29.602413,90.000008,1.000000,0.000000,0,0.000000,0.000000,0.000000,0.000000
-1.478727,-0.279500,0.000000,-90.000000,30.576660,90.000000,1.000000,0.000000,0,0.000000,0.000000,0.000000,0.000000
-1.474512,-0.272500,0.000000,-90.000000,31.532013,90.000000,1.000000,0.000000,0,0.000000,0.000000,0.000000,0.000000
-1.470137,-0.265500,0.000000,-89.999992,32.468876,89.999992,1.000000,0.000000,0,0.000000,0.000000,0.000000,0.000000
-1.465602,-0.258500,0.000000,-90.000008,33.386799,90.000008,1.000000,0.000000,0,0.000000,0.000000,0.000000,0.000000
-1.460909,-0.251500,0.000000,-90.000008,34.284607,90.000008,1.000000,0.000000,0,0.000000,0.000000,0.000000,0.000000
-1.456057,-0.244500,0.000000,-90.000008,35.163654,90.000008,1.000000,0.000000,0,0.000000,0.000000,0.000000,0.000000
-1.451046,-0.237500,0.000000,-90.000000,36.024902,90.000000,1.000000,0.000000,0,0.000000,0.000000,0.000000,0.000000
-1.445875,-0.230500,0.000000,-90.000000,36.867649,90.000000,1.000000,0.000000,0,0.000000,0.000000,0.000000,0.000000
-1.440546,-0.223500,0.000000,-90.000008,37.691845,90.000008,1.000000,0.000000,0,0.000000,0.000000,0.000000,0.000000
-1.435057,-0.216500,0.000000,-90.000008,38.498295,90.000008,1.000000,0.000000,0,0.000000,0.000000,0.000000,0.000000
-1.429409,-0.209500,0.000000,-90.000000,39.287258,90.000000,1.000000,0.000000,0,0.000000,0.000000,0.000000,0.000000
-1.423602,-0.202500,0.000000,-90.000008,40.059216,90.000008,1.000000,0.000000,0,0.000000,0.000000,0.000000,0.000000
-1.417637,-0.195500,0.000000,-90.000000,40.812729,90.000000,1.000000,0.000000,0,0.000000,0.000000,0.000000,0.000000
-1.411511,-0.188500,0.000000,-90.000000,41.550556,90.000000,1.000000,0.000000,0,0.000000,0.000000,0.000000,0.000000
-1.405227,-0.181500,0.000000,-90.000008,42.271618,90.000008,1.000000,0.000000,0,0.000000,0.000000,0.000000,0.000000
-1.398784,-0.174500,0.000000,-90.000008,42.976387,90.000008,1.000000,0.000000,0,0.000000,0.000000,0.000000,0.000000
-1.392182,-0.167500,0.000000,-90.000000,43.665813,90.000000,1.000000,0.000000,0,0.000000,0.000000,0.000000,0.000000
-1.385421,-0.160500,0.000000,-90.000000,44.339752,90.000000,1.000000,0.000000,0,0.000000,0.000000,0.000000,0.000000
-1.378500,-0.153500,0.000000,-90.000000,44.836052,90.000000,1.000000,0.000000,0,0.000000,0.000000,0.000000,0.000000
-1.371500,-0.146500,0.000000,-90.000000,45.160694,90.000000,1.000000,0.000000,0,0.000000,0.000000,0.000000,0.000000
-1.364493,-0.139571,0.000000,-90.000000,45.647835,90.000000,1.000000,0.000000,0,0.000000,0.000000,0.000000,0.000000
-1.357470,-0.132783,0.000000,-90.000008,46.306278,90.000008,1.000000,0.000000,0,0.000000,0.000000,0.000000,0.000000
-1.350432,-0.126137,0.000000,-90.000008,46.976269,90.000008,1.000000,0.000000,0,0.000000,0.000000,0.000000,0.000000
-1.343379,-0.119632,0.000000,-90.000008,47.658592,90.000008,1.000000,0.000000,0,0.000000,0.000000,0.000000,0.000000
-1.336311,-0.113268,0.000000,-90.000000,48.352760,90.000000,1.000000,0.000000,0,0.000000,0.000000,0.000000,0.000000
-1.329228,-0.107046,0.000000,-89.999992,49.059509,89.999992,1.000000,0.000000,0,0.000000,0.000000,0.000000,0.000000
-1.322129,-0.100965,0.000000,-90.000000,49.778191,90.000000,1.000000,0.000000,0,0.000000,0.000000,0.000000,0.000000
-1.315015,-0.095026,0.000000,-90.000000,50.508762,90.000000,1.000000,0.000000,0,0.000000,0.000000,0.000000,0.000000
-1.307887,-0.089228,0.000000,-89.999992,51.253143,89.999992,1.000000,0.000000,0,0.000000,0.000000,0.000000,0.000000
-1.300743,-0.083571,0.000000,-90.000000,52.008839,90.000000,1.000000,0.000000,0,0.000000,0.000000,0.000000,0.000000
-1.293584,-0.078056,0.000000,-90.000008,52.778252,90.000008,1.000000,0.000000,0,0.000000,0.000000,0.000000,0.000000
-1.286409,-0.072682,0.000000,-90.000008,53.559231,90.000008,1.000000,0.000000,0,0.000000,0.000000,0.000000,0.000000
-1.279220,-0.067450,0.000000,-90.000008,54.353481,90.000008,1.000000,0.000000,0,0.000000,0.000000,0.000000,0.000000
-1.272016,-0.062359,0.000000,-90.000000,55.160900,90.000000,1.000000,0.000000,0,0.000000,0.000000,0.000000,0.000000
-1.264796,-0.057409,0.000000,-90.000008,55.980267,90.000008,1.000000,0.000000,0,0.000000,0.000000,0.000000,0.000000
-1.257561,-0.052601,0.000000,-90.000008,56.812321,90.000008,1.000000,0.000000,0,0.000000,0.000000,0.000000,0.000000
-1.250311,-0.047935,0.000000,-90.000000,57.657181,90.000000,1.000000,0.000000,0,0.000000,0.000000,0.000000,0.000000
-1.243046,-0.043409,0.000000,-89.999992,58.513966,89.999992,1.000000,0.000000,0,0.000000,0.000000,0.000000,0.000000
-1.235765,-0.039026,0.000000,-90.000015,59.383289,90.000015,1.000000,0.000000,0,0.000000,0.000000,0.000000,0.000000
-1.228470,-0.034783,0.000000,-90.000015,60.265068,90.000015,1.000000,0.000000,0,0.000000,0.000000,0.000000,0.000000
-1.221159,-0.030682,0.000000,-90.000000,61.158882,90.000000,1.000000,0.000000,0,0.000000,0.000000,0.000000,0.000000
-1.213834,-0.026723,0.000000,-90.000015,62.064346,90.000015,1.000000,0.000000,0,0.000000,0.000000,0.000000,0.000000
-1.206493,-0.022904,0.000000,-90.000000,62.981434,90.000000,1.000000,0.000000,0,0.000000,0.000000,0.000000,0.000000
-1.199137,-0.019228,0.000000,-90.000000,63.909466,90.000000,1.000000,0.000000,0,0.000000,0.000000,0.000000,0.000000
-1.191766,-0.015692,0.000000,-89.999992,64.849495,89.999992,1.000000,0.000000,0,0.000000,0.000000,0.000000,0.000000
-1.184379,-0.012298,0.000000,-90.000000,65.799980,90.000000,1.000000,0.000000,0,0.000000,0.000000,0.000000,0.000000
-1.176978,-0.009046,0.000000,-90.000000,66.759949,90.000000,1.000000,0.000000,0,0.000000,0.000000,0.000000,0.000000
-1.169561,-0.005935,0.000000,-90.000000,67.731026,90.000000,1.000000,0.000000,0,0.000000,0.000000,0.000000,0.000000
-1.162129,-0.002965,0.000000,-90.000000,68.711105,90.000000,1.000000,0.000000,0,0.000000,0.000000,0.000000,0.000000
-1.154682,-0.000137,0.000000,-90.000023,69.700798,90.000023,1.000000,0.000000,0,0.000000,0.000000,0.000000,0.000000
-1.147220,0.002550,0.000000,-89.999992,70.698853,89.999992,1.000000,0.000000,0,0.000000,0.000000,0.000000,0.000000
-1.139743,0.005096,0.000000,-90.000023,71.705200,90.000023,1.000000,0.000000,0,0.000000,0.000000,0.000000,0.000000
-1.132250,0.007500,0.000000,-90.000023,72.719406,90.000023,1.000000,0.000000,0,0.000000,0.000000,0.000000,0.000000
-1.124743,0.009762,0.000000,-90.000000,73.740730,90.000000,1.000000,0.000000,0,0.000000,0.000000,0.000000,0.000000
-1.117220,0.011883,0.000000,-90.000023,74.768387,90.000023,1.000000,0.000000,0,0.000000,0.000000,0.000000,0.000000
-1.109682,0.013863,0.000000,-89.999992,75.802086,89.999992,1.000000,0.000000,0,0.000000,0.000000,0.000000,0.000000
-1.102129,0.015702,0.000000,-89.999969,76.841347,89.999969,1.000000,0.000000,0,0.000000,0.000000,0.000000,0.000000
-1.094561,0.017399,0.000000,-89.999969,77.884911,89.999969,1.000000,0.000000,0,0.000000,0.000000,0.000000,0.000000
-1.086978,0.018954,0.000000,-90.000000,78.932266,90.000000,1.000000,0.000000,0,0.000000,0.000000,0.000000,0.000000
-1.079379,0.020368,0.000000,-90.000000,79.983963,90.000000,1.000000,0.000000,0,0.000000,0.000000,0.000000,0.000000
-1.071766,0.021641,0.000000,-90.000046,81.037086,90.000046,1.000000,0.000000,0,0.000000,0.000000,0.000000,0.000000
-1.064137,0.022772,0.000000,-90.000000,82.093216,90.000000,1.000000,0.000000,0,0.000000,0.000000,0.000000,0.000000
-1.056493,0.023762,0.000000,-90.000000,83.149887,90.000000,1.000000,0.000000,0,0.000000,0.000000,0.000000,0.000000
-1.048834,0.024611,0.000000,-90.000000,84.207123,90.000000,1.000000,0.000000,0,0.000000,0.000000,0.000000,0.000000
-1.041160,0.025318,0.000000,-90.000000,85.264091,90.000000,1.000000,0.000000,0,0.000000,0.000000,0.000000,0.000000
-1.033470,0.025883,0.000000,-90.000000,86.320808,90.000000,1.000000,0.000000,0,0.000000,0.000000,0.000000,0.000000
-1.025766,0.026308,0.000000,-90.000000,87.374748,90.000000,1.000000,0.000000,0,0.000000,0.000000,0.000000,0.000000
-1.018046,0.026591,0.000000,-90.000000,88.427292,90.000000,1.000000,0.000000,0,0.000000,0.000000,0.000000,0.000000
-1.010311,0.026732,0.000000,-90.000748,89.476608,90.000748,1.000000,0.000000,0,0.000000,0.000000,0.000000,0.000000
-1.002561,0.026732,0.000000,90.000000,89.478104,-90.000000,1.000000,0.000000,0,0.000000,0.000000,0.000000,0.000000
-0.994796,0.026591,0.000000,90.000000,88.437279,-90.000000,1.000000,0.000000,0,0.000000,0.000000,0.000000,0.000000
-0.987016,0.026308,0.000000,90.000153,87.401810,-90.000153,1.000000,0.000000,0,0.000000,0.000000,0.000000,0.000000
-0.979220,0.025883,0.000000,90.000000,86.371078,-90.000000,1.000000,0.000000,0,0.000000,0.000000,0.000000,0.000000
-0.971410,0.025318,0.000000,90.000084,85.347855,-90.000084,1.000000,0.000000,0,0.000000,0.000000,0.000000,0.000000
-0.963584,0.024611,0.000000,90.000000,84.330437,-90.000000,1.000000,0.000000,0,0.000000,0.000000,0.000000,0.000000
-0.955743,0.023762,0.000000,90.000000,83.321327,-90.000000,1.000000,0.000000,0,0.000000,0.000000,0.000000,0.000000
-0.947887,0.022772,0.000000,90.000053,82.319542,-90.000053,1.000000,0.000000,0,0.000000,0.000000,0.000000,0.000000
-0.940016,0.021641,0.000000,90.000046,81.326721,-90.000046,1.000000,0.000000,0,0.000000,0.000000,0.000000,0.000000
-0.932129,0.020368,0.000000,90.000000,80.343147,-90.000000,1.000000,0.000000,0,0.000000,0.000000,0.000000,0.000000
-0.924228,0.018954,0.000000,90.000000,79.367920,-90.000000,1.000000,0.000000,0,0.000000,0.000000,0.000000,0.000000
-0.916311,0.017399,0.000000,90.000038,78.403717,-90.000038,1.000000,0.000000,0,0.000000,0.000000,0.000000,0.000000
-0.908379,0.015702,0.000000,90.000069,77.449516,-90.000069,1.000000,0.000000,0,0.000000,0.000000,0.000000,0.000000
-0.900432,0.013863,0.000000,90.000031,76.505676,-90.000031,1.000000,0.000000,0,0.000000,0.000000,0.000000,0.000000
-0.892470,0.011883,0.000000,90.000000,75.572845,-90.000000,1.000000,0.000000,0,0.000000,0.000000,0.000000,0.000000
-0.884493,0.009762,0.000000,90.000000,74.651291,-90.000000,1.000000,0.000000,0,0.000000,0.000000,0.000000,0.000000
-0.876500,0.007500,0.000000,90.000000,73.741074,-90.000000,1.000000,0.000000,0,0.000000,0.000000,0.000000,0.000000
-0.868493,0.005096,0.000000,90.000023,72.843163,-90.000023,1.000000,0.000000,0,0.000000,0.000000,0.000000,0.000000
-0.860470,0.002550,0.000000,90.000023,71.956703,-90.000023,1.000000,0.000000,0,0.000000,0.000000,0.000000,0.000000
-0.852432,-0.000137,0.000000,90.000000,71.082375,-90.000000,1.000000,0.000000,0,0.000000,0.000000,0.000000,0.000000
-0.844379,-0.002965,0.000000,90.000023,70.220375,-90.000023,1.000000,0.000000,0,0.000000,0.000000,0.000000,0.000000
-0.836311,-0.005935,0.000000,89.999985,69.371056,-89.999985,1.000000,0.000000,0,0.000000,0.000000,0.000000,0.000000
-0.828228,-0.009046,0.000000,90.000015,68.534065,-90.000015,1.000000,0.000000,0,0.000000,0.000000,0.000000,0.000000
-0.820129,-0.012298,0.000000,90.000000,67.709534,-90.000000,1.000000,0.000000,0,0.000000,0.000000,0.000000,0.000000
-0.812016,-0.015692,0.000000,90.000038,66.897636,-90.000038,1.000000,0.000000,0,0.000000,0.000000,0.000000,0.000000
-0.803887,-0.019228,0.000000,90.000000,66.098267,-90.000000,1.000000,0.000000,0,0.000000,0.000000,0.000000,0.000000
-0.795743,-0.022904,0.000000,90.000015,65.312347,-90.000015,1.000000,0.000000,0,0.000000,0.000000,0.000000,0.000000
-0.787584,-0.026723,0.000000,90.000031,64.538284,-90.000031,1.000000,0.000000,0,0.000000,0.000000,0.000000,0.000000
-0.779410,-0.030682,0.000000,90.000015,63.776852,-90.000015,1.000000,0.000000,0,0.000000,0.000000,0.000000,0.000000
-0.771220,-0.034783,0.000000,89.999985,63.028351,-89.999985,1.000000,0.000000,0,0.000000,0.000000,0.000000,0.000000
-0.763016,-0.039026,0.000000,90.000015,62.292385,-90.000015,1.000000,0.000000,0,0.000000,0.000000,0.000000,0.000000
-0.754796,-0.043409,0.000000,90.000015,61.569069,-90.000015,1.000000,0.000000,0,0.000000,0.000000,0.000000,0.000000
-0.746561,-0.047935,0.000000,90.000000,60.857765,-90.000000,1.000000,0.000000,0,0.000000,0.000000,0.000000,0.000000
-0.738311,-0.052601,0.000000,90.000000,60.158421,-90.000000,1.000000,0.000000,0,0.000000,0.000000,0.000000,0.000000
-0.730046,-0.057409,0.000000,90.000015,59.471802,-90.000015,1.000000,0.000000,0,0.000000,0.000000,0.000000,0.000000
-0.721766,-0.062359,0.000000,90.000015,58.796947,-90.000015,1.000000,0.000000,0,0.000000,0.000000,0.000000,0.000000
-0.713470,-0.067450,0.000000,90.000015,58.134235,-90.000015,1.000000,0.000000,0,0.000000,0.000000,0.000000,0.000000
-0.705160,-0.072682,0.000000,90.000000,57.482872,-90.000000,1.000000,0.000000,0,0.000000,0.000000,0.000000,0.000000
-0.696834,-0.078056,0.000000,90.000008,56.843822,-90.000008,1.000000,0.000000,0,0.000000,0.000000,0.000000,0.000000
-0.688493,-0.083571,0.000000,90.000008,56.215580,-90.000008,1.000000,0.000000,0,0.000000,0.000000,0.000000,0.000000
-0.680137,-0.089228,0.000000,90.000008,55.598541,-90.000000,1.000000,0.000000,0,0.000000,0.000000,0.000000,0.000000
-0.671766,-0.095026,0.000000,90.000008,54.993103,-90.000008,1.000000,0.000000,0,0.000000,0.000000,0.000000,0.000000
-0.663379,-0.100965,0.000000,90.000000,54.398655,-90.000000,1.000000,0.000000,0,0.000000,0.000000,0.000000,0.000000
-0.654978,-0.107046,0.000000,90.000000,53.814983,-90.000000,1.000000,0.000000,0,0.000000,0.000000,0.000000,0.000000
-0.646561,-0.113268,0.000000,90.000008,53.241375,-90.000008,1.000000,0.000000,0,0.000000,0.000000,0.000000,0.000000
-0.638129,-0.119632,0.000000,90.000008,52.678398,-90.000008,1.000000,0.000000,0,0.000000,0.000000,0.000000,0.000000
-0.629682,-0.126137,0.000000,90.000008,52.126160,-90.000008,1.000000,0.000000,0,0.000000,0.000000,0.000000,0.000000
-0.621220,-0.132783,0.000000,90.000008,51.583794,-90.000008,1.000000,0.000000,0,0.000000,0.000000,0.000000,0.000000
-0.612743,-0.139571,0.000000,90.000008,51.051640,-90.000008,1.000000,0.000000,0,0.000000,0.000000,0.000000,0.000000
-0.604250,-0.146500,0.000000,89.999992,50.657463,-89.999992,1.000000,0.000000,0,0.000000,0.000000,0.000000,0.000000
-0.595750,-0.153500,0.000000,90.000008,50.740528,90.000008,1.000000,0.000000,0,0.000000,0.000000,0.000000,0.000000
-0.587234,-0.160408,0.000000,90.000000,51.385201,90.000008,1.000000,0.000000,0,0.000000,0.000000,0.000000,0.000000
-0.578685,-0.167132,0.000000,90.000000,52.255672,90.000000,1.000000,0.000000,0,0.000000,0.000000,0.000000,0.000000
-0.570103,-0.173671,0.000000,90.000000,53.140163,90.000000,1.000000,0.000000,0,0.000000,0.000000,0.000000,0.000000
-0.561488,-0.180026,0.000000,90.000000,54.038033,90.000000,1.000000,0.000000,0,0.000000,0.000000,0.000000,0.000000
-0.552840,-0.186196,0.000000,90.000000,54.950047,90.000000,1.000000,0.000000,0,0.000000,0.000000,0.000000,0.000000
-0.544160,-0.192182,0.000000,90.000000,55.876644,90.000000,1.000000,0.000000,0,0.000000,0.000000,0.000000,0.000000
-0.535446,-0.197984,0.000000,90.000023,56.815674,90.000000,1.000000,0.000000,0,0.000000,0.000000,0.000000,0.000000
-0.526700,-0.203601,0.000000,90.000000,57.768013,90.000015,1.000000,0.000000,0,0.000000,0.000000,0.000000,0.000000
-0.517921,-0.209034,0.000000,90.000000,58.734081,90.000000,1.000000,0.000000,0,0.000000,0.000000,0.000000,0.000000
-0.509109,-0.214283,0.000000,90.000000,59.712513,90.000015,1.000000,0.000000,0,0.000000,0.000000,0.000000,0.000000
-0.500264,-0.219348,0.000000,90.000000,60.703281,90.000000,1.000000,0.000000,0,0.000000,0.000000,0.000000,0.000000
-0.491387,-0.224228,0.000000,90.000015,61.706703,89.999992,1.000000,0.000000,0,0.000000,0.000000,0.000000,0.000000
-0.482476,-0.228923,0.000000,90.000000,62.721458,90.000000,1.000000,0.000000,0,0.000000,0.000000,0.000000,0.000000
-0.473533,-0.233435,0.000000,90.000000,63.747059,90.000015,1.000000,0.000000,0,0.000000,0.000000,0.000000,0.000000
-0.464557,-0.237762,0.000000,90.000015,64.783829,89.999985,1.000000,0.000000,0,0.000000,0.000000,0.000000,0.000000
-0.455548,-0.241904,0.000000,89.999992,65.830894,90.000015,1.000000,0.000000,0,0.000000,0.000000,0.000000,0.000000
-0.446507,-0.245863,0.000000,90.000000,66.887291,90.000015,1.000000,0.000000,0,0.000000,0.000000,0.000000,0.000000
-0.437432,-0.249637,0.000000,89.999992,67.953278,90.000015,1.000000,0.000000,0,0.000000,0.000000,0.000000,0.000000
-0.428325,-0.253226,0.000000,90.000015,69.027054,90.000015,1.000000,0.000000,0,0.000000,0.000000,0.000000,0.000000
-0.419185,-0.256632,0.000000,90.000000,70.109245,90.000000,1.000000,0.000000,0,0.000000,0.000000,0.000000,0.000000
-0.410012,-0.259853,0.000000,89.999992,71.198082,90.000023,1.000000,0.000000,0,0.000000,0.000000,0.000000,0.000000
-0.400806,-0.262889,0.000000,90.000023,72.293884,89.999992,1.000000,0.000000,0,0.000000,0.000000,0.000000,0.000000
-0.391567,-0.265741,0.000000,90.000000,73.394608,90.000000,1.000000,0.000000,0,0.000000,0.000000,0.000000,0.000000
-0.382296,-0.268409,0.000000,89.999992,74.500404,90.000023,1.000000,0.000000,0,0.000000,0.000000,0.000000,0.000000
-0.372992,-0.270893,0.000000,90.000000,75.610344,90.000000,1.000000,0.000000,0,0.000000,0.000000,0.000000,0.000000
-0.363654,-0.273192,0.000000,90.000000,76.723625,90.000000,1.000000,0.000000,0,0.000000,0.000000,0.000000,0.000000
-0.354284,-0.275307,0.000000,90.000000,77.839256,90.000000,1.000000,0.000000,0,0.000000,0.000000,0.000000,0.000000
-0.344882,-0.277238,0.000000,89.999985,78.956192,90.000038,1.000000,0.000000,0,0.000000,0.000000,0.000000,0.000000
-0.335446,-0.278984,0.000000,89.999985,80.074158,90.000038,1.000000,0.000000,0,0.000000,0.000000,0.000000,0.000000
-0.325978,-0.280546,0.000000,90.000000,81.191673,90.000000,1.000000,0.000000,0,0.000000,0.000000,0.000000,0.000000
-0.316476,-0.281923,0.000000,90.000000,82.308792,90.000000,1.000000,0.000000,0,0.000000,0.000000,0.000000,0.000000
-0.306942,-0.283116,0.000000,90.000061,83.423477,89.999969,1.000000,0.000000,0,0.000000,0.000000,0.000000,0.000000
-0.297375,-0.284125,0.000000,90.000069,84.535889,90.000069,1.000000,0.000000,0,0.000000,0.000000,0.000000,0.000000
-0.287776,-0.284950,0.000000,90.000092,85.644409,90.000092,1.000000,0.000000,0,0.000000,0.000000,0.000000,0.000000
-0.278143,-0.285590,0.000000,90.000122,86.749115,89.999878,1.000000,0.000000,0,0.000000,0.000000,0.000000,0.000000
-0.268478,-0.286046,0.000000,90.000183,87.848320,90.000183,1.000000,0.000000,0,0.000000,0.000000,0.000000,0.000000
-0.258779,-0.286317,0.000000,90.000374,88.942047,89.999626,1.000000,0.000000,0,0.000000,0.000000,0.000000,0.000000
-0.249048,-0.286404,0.000000,0.000000,89.972023,180.000000,1.000000,0.000000,0,0.000000,0.000000,0.000000,0.000000
-0.239284,-0.286307,0.000000,-89.999825,88.891823,-90.000351,1.000000,0.000000,0,0.000000,0.000000,0.000000,0.000000
-0.229488,-0.286026,0.000000,-90.000183,87.820038,-90.000183,1.000000,0.000000,0,0.000000,0.000000,0.000000,0.000000
-0.219658,-0.285560,0.000000,-90.000244,86.757133,-90.000000,1.000000,0.000000,0,0.000000,0.000000,0.000000,0.000000
-0.209796,-0.284909,0.000000,-90.000092,85.703537,-89.999908,1.000000,0.000000,0,0.000000,0.000000,0.000000,0.000000
-0.199901,-0.284075,0.000000,-90.000000,84.659470,-90.000000,1.000000,0.000000,0,0.000000,0.000000,0.000000,0.000000
-0.189973,-0.283056,0.000000,-89.999939,83.625916,-90.000130,1.000000,0.000000,0,0.000000,0.000000,0.000000,0.000000
-0.180012,-0.281853,0.000000,-90.000000,82.603683,-90.000000,1.000000,0.000000,0,0.000000,0.000000,0.000000,0.000000
-0.170018,-0.280465,0.000000,-90.000046,81.592155,-89.999954,1.000000,0.000000,0,0.000000,0.000000,0.000000,0.000000
-0.159992,-0.278893,0.000000,-90.000000,80.592972,-90.000000,1.000000,0.000000,0,0.000000,0.000000,0.000000,0.000000
-0.149932,-0.277137,0.000000,-90.000038,79.605965,-90.000038,1.000000,0.000000,0,0.000000,0.000000,0.000000,0.000000
-0.139840,-0.275196,0.000000,-90.000000,78.631241,-90.000000,1.000000,0.000000,0,0.000000,0.000000,0.000000,0.000000
-0.129715,-0.273071,0.000000,-90.000031,77.669235,-90.000000,1.000000,0.000000,0,0.000000,0.000000,0.000000,0.000000
-0.119557,-0.270762,0.000000,-90.000000,76.720947,-90.000000,1.000000,0.000000,0,0.000000,0.000000,0.000000,0.000000
-0.109367,-0.268268,0.000000,-90.000031,75.785225,-89.999977,1.000000,0.000000,0,0.000000,0.000000,0.000000,0.000000
-0.099143,-0.265590,0.000000,-90.000000,74.863930,-90.000000,1.000000,0.000000,0,0.000000,0.000000,0.000000,0.000000
-0.088887,-0.262728,0.000000,-89.999992,73.955948,-89.999992,1.000000,0.000000,0,0.000000,0.000000,0.000000,0.000000
-0.078598,-0.259681,0.000000,-90.000000,73.061966,-90.000000,1.000000,0.000000,0,0.000000,0.000000,0.000000,0.000000
-0.068276,-0.256450,0.000000,-89.999992,72.182137,-90.000023,1.000000,0.000000,0,0.000000,0.000000,0.000000,0.000000
-0.057921,-0.253034,0.000000,-90.000023,71.315598,-89.999985,1.000000,0.000000,0,0.000000,0.000000,0.000000,0.000000
-0.047533,-0.249435,0.000000,-90.000000,70.464561,-90.000000,1.000000,0.000000,0,0.000000,0.000000,0.000000,0.000000
-0.037113,-0.245651,0.000000,-90.000023,69.626999,-90.000023,1.000000,0.000000,0,0.000000,0.000000,0.000000,0.000000
-0.026659,-0.241682,0.000000,-90.000000,68.803162,-89.999992,1.000000,0.000000,0,0.000000,0.000000,0.000000,0.000000
-0.016173,-0.237529,0.000000,-90.000015,67.994209,-90.000015,1.000000,0.000000,0,0.000000,0.000000,0.000000,0.000000
-0.005654,-0.233192,0.000000,-89.999992,67.198532,-90.000015,1.000000,0.000000,0,0.000000,0.000000,0.000000,0.000000
0.004897,-0.228671,0.000000,-89.999985,66.417755,-90.000038,1.000000,0.000000,0,0.000000,0.000000,0.000000,0.000000
0.015482,-0.223965,0.000000,-89.999985,65.650284,-90.000015,1.000000,0.000000,0,0.000000,0.000000,0.000000,0.000000
0.026099,-0.219075,0.000000,-89.999985,64.897186,-90.000015,1.000000,0.000000,0,0.000000,0.000000,0.000000,0.000000
0.036750,-0.214000,0.000000,-90.000000,64.157303,-90.000015,1.000000,0.000000,0,0.000000,0.000000,0.000000,0.000000
0.047433,-0.208742,0.000000,-90.000000,63.430996,-90.000015,1.000000,0.000000,0,0.000000,0.000000,0.000000,0.000000
0.058149,-0.203298,0.000000,-90.000000,62.718567,-90.000015,1.000000,0.000000,0,0.000000,0.000000,0.000000,0.000000
0.068897,-0.197671,0.000000,-90.000000,62.019199,-89.999992,1.000000,0.000000,0,0.000000,0.000000,0.000000,0.000000
0.079679,-0.191859,0.000000,-90.000015,61.333145,-89.999992,1.000000,0.000000,0,0.000000,0.000000,0.000000,0.000000
0.090493,-0.185863,0.000000,-90.000000,60.659840,-90.000031,1.000000,0.000000,0,0.000000,0.000000,0.000000,0.000000
0.101341,-0.179682,0.000000,-90.000000,59.999321,-90.000000,1.000000,0.000000,0,0.000000,0.000000,0.000000,0.000000
0.112221,-0.173317,0.000000,-90.000000,59.351101,-90.000000,1.000000,0.000000,0,0.000000,0.000000,0.000000,0.000000
0.123133,-0.166768,0.000000,-90.000000,58.715729,-90.000000,1.000000,0.000000,0,0.000000,0.000000,0.000000,0.000000
0.134079,-0.160034,0.000000,-90.000015,58.092083,-89.999992,1.000000,0.000000,0,0.000000,0.000000,0.000000,0.000000
0.145058,-0.153117,0.000000,-90.000000,57.481194,-90.000000,1.000000,0.000000,0,0.000000,0.000000,0.000000,0.000000
0.156069,-0.146014,0.000000,-90.000000,56.881222,-90.000008,1.000000,0.000000,0,0.000000,0.000000,0.000000,0.000000
0.167113,-0.138728,0.000000,-90.000008,56.293156,-89.999992,1.000000,0.000000,0,0.000000,0.000000,0.000000,0.000000
0.178190,-0.131257,0.000000,-90.000000,55.716637,-90.000000,1.000000,0.000000,0,0.000000,0.000000,0.000000,0.000000
0.189300,-0.123601,0.000000,-90.000000,55.151035,-90.000008,1.000000,0.000000,0,0.000000,0.000000,0.000000,0.000000
0.200443,-0.115762,0.000000,-90.000000,54.595650,-90.000000,1.000000,0.000000,0,0.000000,0.000000,0.000000,0.000000
0.211618,-0.107738,0.000000,-90.000000,54.053158,-90.000000,1.000000,0.000000,0,0.000000,0.000000,0.000000,0.000000
0.222827,-0.099529,0.000000,-90.000000,53.519180,-90.000008,1.000000,0.000000,0,0.000000,0.000000,0.000000,0.000000
0.234068,-0.091137,0.000000,-90.000008,52.995106,-90.000000,1.000000,0.000000,0,0.000000,0.000000,0.000000,0.000000
0.245342,-0.082560,0.000000,-90.000023,52.483231,-90.000000,1.000000,0.000000,0,0.000000,0.000000,0.000000,0.000000
0.256649,-0.073798,0.000000,-90.000023,51.979542,-90.000000,1.000000,0.000000,0,0.000000,0.000000,0.000000,0.000000
0.267988,-0.064853,0.000000,-89.999992,51.486862,-90.000023,1.000000,0.000000,0,0.000000,0.000000,0.000000,0.000000
0.279361,-0.055723,0.000000,-90.000000,51.001686,-90.000000,1.000000,0.000000,0,0.000000,0.000000,0.000000,0.000000
0.290766,-0.046408,0.000000,-90.000008,50.527508,-90.000000,1.000000,0.000000,0,0.000000,0.000000,0.000000,0.000000
0.302204,-0.036909,0.000000,-90.000000,50.061623,-90.000000,1.000000,0.000000,0,0.000000,0.000000,0.000000,0.000000
0.313675,-0.027226,0.000000,-90.000000,49.604889,-90.000000,1.000000,0.000000,0,0.000000,0.000000,0.000000,0.000000
0.325179,-0.017359,0.000000,-90.000000,49.156891,-90.000008,1.000000,0.000000,0,0.000000,0.000000,0.000000,0.000000
0.336715,-0.007307,0.000000,-90.000000,48.716404,-90.000008,1.000000,0.000000,0,0.000000,0.000000,0.000000,0.000000
0.348285,0.002929,0.000000,-90.000000,48.284966,-90.000008,1.000000,0.000000,0,0.000000,0.000000,0.000000,0.000000
0.359887,0.013349,0.000000,-90.000023,47.862000,-90.000000,1.000000,0.000000,0,0.000000,0.000000,0.000000,0.000000
0.371522,0.023954,0.000000,-90.000008,47.446922,-90.000000,1.000000,0.000000,0,0.000000,0.000000,0.000000,0.000000
0.383190,0.034743,0.000000,-90.000000,47.039257,-90.000000,1.000000,0.000000,0,0.000000,0.000000,0.000000,0.000000
0.394891,0.045717,0.000000,-90.000000,46.638618,-90.000008,1.000000,0.000000,0,0.000000,0.000000,0.000000,0.000000
0.406625,0.056875,0.000000,-90.000000,46.342865,-90.000008,1.000000,0.000000,0,0.000000,0.000000,0.000000,0.000000
0.418375,0.068125,0.000000,-90.000008,46.133385,-90.000000,1.000000,0.000000,0,0.000000,0.000000,0.000000,0.000000
0.430027,0.079370,0.000000,-90.000000,45.792549,-90.000008,1.000000,0.000000,0,0.000000,0.000000,0.000000,0.000000
0.441486,0.090604,0.000000,-90.000000,45.332035,-90.000000,1.000000,0.000000,0,0.000000,0.000000,0.000000,0.000000
0.452750,0.101829,0.000000,-90.000000,44.863426,-90.000000,1.000000,0.000000,0,0.000000,0.000000,0.000000,0.000000
0.463819,0.113044,0.000000,-90.000008,44.385368,-89.999992,1.000000,0.000000,0,0.000000,0.000000,0.000000,0.000000
0.474694,0.124248,0.000000,-89.999992,43.899563,-90.000015,1.000000,0.000000,0,0.000000,0.000000,0.000000,0.000000
0.485375,0.135443,0.000000,-90.000000,43.404507,-90.000000,1.000000,0.000000,0,0.000000,0.000000,0.000000,0.000000
0.495861,0.146627,0.000000,-90.000000,42.899956,-90.000008,1.000000,0.000000,0,0.000000,0.000000,0.000000,0.000000
0.506152,0.157801,0.000000,-90.000000,42.386272,-90.000000,1.000000,0.000000,0,0.000000,0.000000,0.000000,0.000000
0.516250,0.168965,0.000000,-90.000000,41.863499,-90.000000,1.000000,0.000000,0,0.000000,0.000000,0.000000,0.000000
0.526152,0.180120,0.000000,-90.000000,41.330555,-90.000000,1.000000,0.000000,0,0.000000,0.000000,0.000000,0.000000
0.535861,0.191263,0.000000,-90.000000,40.787670,-90.000000,1.000000,0.000000,0,0.000000,0.000000,0.000000,0.000000
0.545375,0.202397,0.000000,-90.000015,40.235271,-90.000000,1.000000,0.000000,0,0.000000,0.000000,0.000000,0.000000
0.554694,0.213521,0.000000,-90.000000,39.672001,-90.000000,1.000000,0.000000,0,0.000000,0.000000,0.000000,0.000000
0.563819,0.224635,0.000000,-90.000000,39.098976,-90.000000,1.000000,0.000000,0,0.000000,0.000000,0.000000,0.000000
0.572750,0.235738,0.000000,-90.000000,38.515152,-89.999992,1.000000,0.000000,0,0.000000,0.000000,0.000000,0.000000
0.581486,0.246832,0.000000,-90.000000,37.920727,-90.000000,1.000000,0.000000,0,0.000000,0.000000,0.000000,0.000000
0.590027,0.257915,0.000000,-90.000000,37.314899,-90.000000,1.000000,0.000000,0,0.000000,0.000000,0.000000,0.000000
0.598375,0.268988,0.000000,-90.000000,36.698627,-89.999992,1.000000,0.000000,0,0.000000,0.000000,0.000000,0.000000
0.606527,0.280051,0.000000,-90.000000,36.071117,-90.000008,1.000000,0.000000,0,0.000000,0.000000,0.000000,0.000000
0.614486,0.291104,0.000000,-90.000000,35.432079,-90.000000,1.000000,0.000000,0,0.000000,0.000000,0.000000,0.000000
0.622250,0.302147,0.000000,-90.000000,34.781956,-89.999992,1.000000,0.000000,0,0.000000,0.000000,0.000000,0.000000
0.629819,0.313180,0.000000,-90.000000,34.119049,-90.000000,1.000000,0.000000,0,0.000000,0.000000,0.000000,0.000000
0.637194,0.324203,0.000000,-90.000000,33.445328,-90.000000,1.000000,0.000000,0,0.000000,0.000000,0.000000,0.000000
0.644375,0.335215,0.000000,-90.000015,32.759426,-90.000008,1.000000,0.000000,0,0.000000,0.000000,0.000000,0.000000
0.651361,0.346218,0.000000,-90.000000,32.061863,-90.000008,1.000000,0.000000,0,0.000000,0.000000,0.000000,0.000000
0.658152,0.357210,0.000000,-90.000000,31.351942,-90.000000,1.000000,0.000000,0,0.000000,0.000000,0.000000,0.000000
0.664750,0.368193,0.000000,-90.000000,30.629406,-90.000000,1.000000,0.000000,0,0.000000,0.000000,0.000000,0.000000
0.671152,0.379165,0.000000,-89.999992,29.895256,-90.000000,1.000000,0.000000,0,0.000000,0.000000,0.000000,0.000000
0.677361,0.390127,0.000000,-90.000000,29.148327,-90.000000,1.000000,0.000000,0,0.000000,0.000000,0.000000,0.000000
0.683375,0.401079,0.000000,-90.000000,28.389256,-90.000000,1.000000,0.000000,0,0.000000,0.000000,0.000000,0.000000
0.689194,0.412021,0.000000,-90.000000,27.616899,-90.000000,1.000000,0.000000,0,0.000000,0.000000,0.000000,0.000000
0.694819,0.422953,0.000000,-90.000000,26.833084,-90.000000,1.000000,0.000000,0,0.000000,0.000000,0.000000,0.000000
0.700250,0.433875,0.000000,-90.000000,26.036324,-90.000000,1.000000,0.000000,0,0.000000,0.000000,0.000000,0.000000
0.705486,0.444786,0.000000,-90.000000,25.226900,-90.000008,1.000000,0.000000,0,0.000000,0.000000,0.000000,0.000000
0.710527,0.455688,0.000000,-90.000000,24.405317,-90.000000,1.000000,0.000000,0,0.000000,0.000000,0.000000,0.000000
0.715375,0.466579,0.000000,-90.000000,23.571280,-90.000015,1.000000,0.000000,0,0.000000,0.000000,0.000000,0.000000
0.720027,0.477460,0.000000,-90.000000,22.725273,-90.000008,1.000000,0.000000,0,0.000000,0.000000,0.000000,0.000000
0.724486,0.488332,0.000000,-90.000008,21.866365,-90.000008,1.000000,0.000000,0,0.000000,0.000000,0.000000,0.000000
0.728750,0.499193,0.000000,-90.000008,20.996046,-90.000000,1.000000,0.000000,0,0.000000,0.000000,0.000000,0.000000
0.732819,0.510044,0.000000,-90.000000,20.112804,-90.000008,1.000000,0.000000,0,0.000000,0.000000,0.000000,0.000000
0.736694,0.520885,0.000000,-90.000000,19.219397,-90.000000,1.000000,0.000000,0,0.000000,0.000000,0.000000,0.000000
0.740375,0.531715,0.000000,-90.000008,18.313177,-90.000000,1.000000,0.000000,0,0.000000,0.000000,0.000000,0.000000
0.743861,0.542536,0.000000,-90.000000,17.396091,-90.000000,1.000000,0.000000,0,0.000000,0.000000,0.000000,0.000000
0.747152,0.553347,0.000000,-90.000000,16.467607,-90.000000,1.000000,0.000000,0,0.000000,0.000000,0.000000,0.000000
0.750250,0.564147,0.000000,-90.000000,15.529210,-90.000000,1.000000,0.000000,0,0.000000,0.000000,0.000000,0.000000
0.753152,0.574938,0.000000,-90.000000,14.579705,-90.000000,1.000000,0.000000,0,0.000000,0.000000,0.000000,0.000000
0.755861,0.585718,0.000000,-90.000000,13.620340,-90.000000,1.000000,0.000000,0,0.000000,0.000000,0.000000,0.000000
0.758375,0.596488,0.000000,-90.000000,12.651442,-90.000000,1.000000,0.000000,0,0.000000,0.000000,0.000000,0.000000
0.760694,0.607248,0.000000,-90.000000,11.673313,-90.000000,1.000000,0.000000,0,0.000000,0.000000,0.000000,0.000000
0.762819,0.617998,0.000000,-90.000000,10.686038,-90.000000,1.000000,0.000000,0,0.000000,0.000000,0.000000,0.000000
0.764750,0.628738,0.000000,-90.000000,9.690792,-90.000015,1.000000,0.000000,0,0.000000,0.000000,0.000000,0.000000
0.766486,0.639468,0.000000,-90.000000,8.687354,-89.999992,1.000000,0.000000,0,0.000000,0.000000,0.000000,0.000000
0.768027,0.650188,0.000000,-90.000000,7.676943,-90.000000,1.000000,0.000000,0,0.000000,0.000000,0.000000,0.000000
0.769375,0.660897,0.000000,-90.000000,6.659493,-90.000008,1.000000,0.000000,0,0.000000,0.000000,0.000000,0.000000
0.770527,0.671597,0.000000,-90.000000,5.636377,-90.000000,1.000000,0.000000,0,0.000000,0.000000,0.000000,0.000000
0.771486,0.682286,0.000000,-90.000008,4.607124,-90.000000,1.000000,0.000000,0,0.000000,0.000000,0.000000,0.000000
0.772250,0.692965,0.000000,-90.000000,3.573248,-90.000000,1.000000,0.000000,0,0.000000,0.000000,0.000000,0.000000
0.772819,0.703635,0.000000,-90.000000,2.535020,-90.000000,1.000000,0.000000,0,0.000000,0.000000,0.000000,0.000000
0.773194,0.714294,0.000000,-90.000000,1.493305,-90.000000,1.000000,0.000000,0,0.000000,0.000000,0.000000,0.000000
0.773375,0.724943,0.000000,-90.000000,0.447998,-90.000000,1.000000,0.000000,0,0.000000,0.000000,0.000000,0.000000
0.773361,0.735582,0.000000,-90.000000,-0.598773,-90.000000,1.000000,0.000000,0,0.000000,0.000000,0.000000,0.000000
0.773152,0.746210,0.000000,-90.000000,-1.647271,-90.000000,1.000000,0.000000,0,0.000000,0.000000,0.000000,0.000000
0.772750,0.756829,0.000000,-90.000000,-2.697254,-90.000000,1.000000,0.000000,0,0.000000,0.000000,0.000000,0.000000
0.772152,0.767438,0.000000,-90.000000,-3.746951,-90.000000,1.000000,0.000000,0,0.000000,0.000000,0.000000,0.000000
0.771361,0.778036,0.000000,-90.000008,-4.796457,-90.000008,1.000000,0.000000,0,0.000000,0.000000,0.000000,0.000000
0.770375,0.788624,0.000000,-90.000000,-5.843966,-90.000000,1.000000,0.000000,0,0.000000,0.000000,0.000000,0.000000
0.769194,0.799203,0.000000,-90.000015,-6.890560,-90.000008,1.000000,0.000000,0,0.000000,0.000000,0.000000,0.000000
0.767819,0.809771,0.000000,-90.000000,-7.934242,-90.000000,1.000000,0.000000,0,0.000000,0.000000,0.000000,0.000000
0.766250,0.820329,0.000000,-90.000008,-8.974344,-90.000008,1.000000,0.000000,0,0.000000,0.000000,0.000000,0.000000
0.764486,0.830877,0.000000,-90.000000,-10.010440,-90.000000,1.000000,0.000000,0,0.000000,0.000000,0.000000,0.000000
0.762527,0.841415,0.000000,-90.000000,-11.042525,-90.000000,1.000000,0.000000,0,0.000000,0.000000,0.000000,0.000000
0.760375,0.851943,0.000000,-90.000000,-12.068749,-90.000000,1.000000,0.000000,0,0.000000,0.000000,0.000000,0.000000
0.758027,0.862460,0.000000,-90.000000,-13.088764,-90.000000,1.000000,0.000000,0,0.000000,0.000000,0.000000,0.000000
0.755486,0.872968,0.000000,-90.000000,-14.103460,-90.000000,1.000000,0.000000,0,0.000000,0.000000,0.000000,0.000000
0.752750,0.883465,0.000000,-90.000000,-15.110716,-90.000000,1.000000,0.000000,0,0.000000,0.000000,0.000000,0.000000
0.749819,0.893953,0.000000,-90.000000,-16.109869,-90.000000,1.000000,0.000000,0,0.000000,0.000000,0.000000,0.000000
0.746694,0.904430,0.000000,-89.999992,-17.101868,-89.999992,1.000000,0.000000,0,0.000000,0.000000,0.000000,0.000000
0.743375,0.914897,0.000000,-90.000000,-18.084532,-90.000000,1.000000,0.000000,0,0.000000,0.000000,0.000000,0.000000
0.739861,0.925354,0.000000,-90.000000,-19.058624,-90.000000,1.000000,0.000000,0,0.000000,0.000000,0.000000,0.000000
0.736152,0.935801,0.000000,-90.000000,-20.023008,-90.000000,1.000000,0.000000,0,0.000000,0.000000,0.000000,0.000000
0.732250,0.946238,0.000000,-90.000008,-20.977509,-90.000008,1.000000,0.000000,0,0.000000,0.000000,0.000000,0.000000
0.728152,0.956665,0.000000,-90.000000,-21.922335,-90.000000,1.000000,0.000000,0,0.000000,0.000000,0.000000,0.000000
0.723861,0.967081,0.000000,-90.000000,-22.855795,-90.000000,1.000000,0.000000,0,0.000000,0.000000,0.000000,0.000000
0.719375,0.977488,0.000000,-90.000000,-23.779091,-90.000000,1.000000,0.000000,0,0.000000,0.000000,0.000000,0.000000
0.714694,0.987884,0.000000,-90.000000,-24.690479,-90.000000,1.000000,0.000000,0,0.000000,0.000000,0.000000,0.000000
0.709819,0.998271,0.000000,-90.000000,-25.590996,-90.000000,1.000000,0.000000,0,0.000000,0.000000,0.000000,0.000000
0.704750,1.008647,0.000000,-90.000000,-26.479841,-90.000000,1.000000,0.000000,0,0.000000,0.000000,0.000000,0.000000
0.699486,1.019013,0.000000,-90.000000,-27.356823,-90.000000,1.000000,0.000000,0,0.000000,0.000000,0.000000,0.000000
0.694027,1.029369,0.000000,-90.000015,-28.221674,-90.000015,1.000000,0.000000,0,0.000000,0.000000,0.000000,0.000000
0.688375,1.039715,0.000000,-90.000015,-29.074291,-90.000008,1.000000,0.000000,0,0.000000,0.000000,0.000000,0.000000
0.682527,1.050051,0.000000,-90.000000,-29.914959,-90.000000,1.000000,0.000000,0,0.000000,0.000000,0.000000,0.000000
0.676486,1.060377,0.000000,-90.000000,-30.743269,-90.000000,1.000000,0.000000,0,0.000000,0.000000,0.000000,0.000000
0.670250,1.070692,0.000000,-90.000000,-31.559046,-90.000000,1.000000,0.000000,0,0.000000,0.000000,0.000000,0.000000
0.663819,1.080998,0.000000,-90.000000,-32.362240,-90.000000,1.000000,0.000000,0,0.000000,0.000000,0.000000,0.000000
0.657194,1.091294,0.000000,-90.000000,-33.152878,-90.000000,1.000000,0.000000,0,0.000000,0.000000,0.000000,0.000000
0.650375,1.101579,0.000000,-90.000000,-33.931252,-90.000000,1.000000,0.000000,0,0.000000,0.000000,0.000000,0.000000
0.643361,1.111854,0.000000,-90.000000,-34.697647,-90.000000,1.000000,0.000000,0,0.000000,0.000000,0.000000,0.000000
0.636152,1.122119,0.000000,-90.000000,-35.450737,-90.000000,1.000000,0.000000,0,0.000000,0.000000,0.000000,0.000000
0.628750,1.132374,0.000000,-90.000008,-36.008354,-90.000008,1.000000,0.000000,0,0.000000,0.000000,0.000000,0.000000
0.250000,1.649999,0.000000,-90.000008,-36.193218,-90.000008,1.000000,0.000000,0,0.000000,0.000000,0.000000,0.000000
